﻿<custom_udp>
  <float scale="1.0" channel="total_time" />
  <float scale="1.0" channel="lap_time" />
  <float scale="1.0" channel="lap_distance" />
  <float scale="1.0" channel="total_distance" /> <!--totalDistance-->
  <float scale="1.0" channel="position_x" />
  <float scale="1.0" channel="position_y" />
  <float scale="1.0" channel="position_z" />
  <float scale="1.0" channel="speed" />
  <float scale="1.0" channel="world_velocity_x" /> <!--world space velocity-->
  <float scale="1.0" channel="world_velocity_y" />
  <float scale="1.0" channel="world_velocity_z" />
  <float scale="1.0" channel="world_dir_rht_x" /> <!--world space right direction-->
  <float scale="1.0" channel="world_dir_rht_y" />
  <float scale="1.0" channel="world_dir_rht_z" />
  <float scale="1.0" channel="world_dir_fwd_x" /> <!--world space forward direction-->
  <float scale="1.0" channel="world_dir_fwd_y" />
  <float scale="1.0" channel="world_dir_fwd_z" />
  <float scale="1000.0" channel="suspension_position_bl" />
  <float scale="1000.0" channel="suspension_position_br" />
  <float scale="1000.0" channel="suspension_position_fl" />
  <float scale="1000.0" channel="suspension_position_fr" />
  <float scale="1000.0" channel="suspension_velocity_bl" />
  <float scale="1000.0" channel="suspension_velocity_br" />
  <float scale="1000.0" channel="suspension_velocity_fl" />
  <float scale="1000.0" channel="suspension_velocity_fr" />
  <float scale="1.0" channel="wheel_patch_speed_bl" />
  <float scale="1.0" channel="wheel_patch_speed_br" />
  <float scale="1.0" channel="wheel_patch_speed_fl" />
  <float scale="1.0" channel="wheel_patch_speed_fr" />
  <float scale="1.0" channel="throttle_input" />
  <float scale="1.0" channel="steering_input" />
  <float scale="1.0" channel="brake_input" />
  <float scale="1.0" channel="clutch_input" />
  <float scale="1.0" channel="gear" />
  <float scale="1.0" channel="gforce_lateral" />
  <float scale="1.0" channel="gforce_longitudinal" />
  <float scale="1.0" channel="lap" />
  <float scale="1.0" channel="engine_rate_div10" />
  <float scale="1.0" channel="sli_pro_native_support" /> <!--sli_pro_native_support-->
  <float scale="1.0" channel="race_position" />
  <float scale="1.0" channel="kers_level" /> <!--kers_level-->
  <float scale="1.0" channel="kers_max" /> <!--kers_max_level-->
  <float scale="1.0" channel="drs" /> <!--drs-->
  <float scale="1.0" channel="traction_control" /> <!--traction control-->
  <float scale="1.0" channel="anti_lock_brakes" /> <!--anti_lock_brakes-->
  <float scale="1.0" channel="fuel_in_tank" /> <!--fuel_in_tank-->
  <float scale="1.0" channel="fuel_capacity" /> <!--fuel_capacity-->
  <float scale="1.0" channel="in_pits" /> <!--in_pits-->
  <float scale="1.0" channel="race_sector" />
  <float scale="1.0" channel="sector_time_1" />
  <float scale="1.0" channel="sector_time_2" />
  <float scale="1.0" channel="brake_temp_bl" />
  <float scale="1.0" channel="brake_temp_br" />
  <float scale="1.0" channel="brake_temp_fl" />
  <float scale="1.0" channel="brake_temp_fr" />
  <float scale="1.0" channel="tyre_pressure_bl" />
  <float scale="1.0" channel="tyre_pressure_br" />
  <float scale="1.0" channel="tyre_pressure_fl" />
  <float scale="1.0" channel="tyre_pressure_fr" />
  <float scale="1.0" channel="team_info" /><!--team_info-->
  <float scale="1.0" channel="total_laps" />
  <float scale="1.0" channel="track_length" />
  <float scale="1.0" channel="last_lap_time" />
  <float scale="1.0" channel="max_rpm_div10" />
  <float scale="1.0" channel="idle_rpm_div10" />
  <float scale="1.0" channel="max_gears" />
  <float scale="1.0" channel="session_type" /><!--session_type-->
  <float scale="1.0" channel="drs_allowed" /><!--drs_allowed-->
  <float scale="1.0" channel="track_number" /><!--track_number-->
  <float scale="1.0" channel="vehicle_fia_flags" /><!--vehicle_fia_flags-->

</custom_udp>
