﻿<custom_udp>
  <float scale="1.0" channel="total_time" />
  <float scale="1.0" channel="paused" />
  <float scale="1.0" channel="yaw" />
  <float scale="1.0" channel="pitch" />
  <float scale="1.0" channel="roll" />
  <float scale="1.0" channel="yaw_velocity" />
  <float scale="1.0" channel="pitch_velocity" />
  <float scale="1.0" channel="roll_velocity" />
  <float scale="1.0" channel="yaw_acceleration" />
  <float scale="1.0" channel="pitch_acceleration" />
  <float scale="1.0" channel="roll_acceleration" />
  <float scale="1.0" channel="position_x" />
  <float scale="1.0" channel="position_y" />
  <float scale="1.0" channel="position_z" />  
  <float scale="1.0" channel="local_velocity_x" />
  <float scale="1.0" channel="local_velocity_y" />
  <float scale="1.0" channel="local_velocity_z" />
  <float scale="1.0" channel="gforce_lateral" />
  <float scale="1.0" channel="gforce_longitudinal" />
  <float scale="1.0" channel="gforce_vertical" />
  <float scale="1.0" channel="speed" />
  <float scale="1000.0" channel="suspension_position_bl" />
  <float scale="1000.0" channel="suspension_position_br" />
  <float scale="1000.0" channel="suspension_position_fl" />
  <float scale="1000.0" channel="suspension_position_fr" />
  <float scale="1000.0" channel="suspension_velocity_bl" />
  <float scale="1000.0" channel="suspension_velocity_br" />
  <float scale="1000.0" channel="suspension_velocity_fl" />
  <float scale="1000.0" channel="suspension_velocity_fr" />
  <float scale="1000.0" channel="suspension_acceleration_bl" />
  <float scale="1000.0" channel="suspension_acceleration_br" />
  <float scale="1000.0" channel="suspension_acceleration_fl" />
  <float scale="1000.0" channel="suspension_acceleration_fr" />
  <float scale="1.0" channel="wheel_patch_speed_bl" />
  <float scale="1.0" channel="wheel_patch_speed_br" />
  <float scale="1.0" channel="wheel_patch_speed_fl" />
  <float scale="1.0" channel="wheel_patch_speed_fr" />
  <float scale="1.0" channel="throttle_input" />
  <float scale="1.0" channel="steering_input" />
  <float scale="1.0" channel="brake_input" />
  <float scale="1.0" channel="clutch_input" />
  <float scale="1.0" channel="gear" />
  <float scale="1.0" channel="max_gears" />
  <float scale="1.0" channel="engine_rate" />
  <float scale="1.0" channel="race_position" />
  <float scale="1.0" channel="race_sector" />
  <float scale="1.0" channel="sector_time_1" />
  <float scale="1.0" channel="sector_time_2" />
  <float scale="1.0" channel="brake_temp_bl" />
  <float scale="1.0" channel="brake_temp_br" />
  <float scale="1.0" channel="brake_temp_fl" />
  <float scale="1.0" channel="brake_temp_fr" />
  <float scale="1.0" channel="tyre_pressure_bl" />
  <float scale="1.0" channel="tyre_pressure_br" />
  <float scale="1.0" channel="tyre_pressure_fl" />
  <float scale="1.0" channel="tyre_pressure_fr" />
  <float scale="1.0" channel="lap" />
  <float scale="1.0" channel="laps_completed" />
  <float scale="1.0" channel="total_laps" />
  <float scale="1.0" channel="lap_time" />
  <float scale="1.0" channel="lap_distance" />  
  <float scale="1.0" channel="track_length" />
  <float scale="1.0" channel="last_lap_time" />
  <float scale="1.0" channel="max_rpm" />
  <float scale="1.0" channel="idle_rpm" />
  <float scale="1.0" channel="slip_angle" />
  <float scale="1.0" channel="slip_angle2" /> 
</custom_udp>
